deney,sinif,iou,dice,precision,recall,piksel_orani
ref_hazir_voc,arkaplan,93.21,96.48,97.38,95.61,73.718
ref_hazir_voc,aeroplane,93.24,96.5,98.06,94.99,0.829
ref_hazir_voc,bicycle,38.15,55.23,39.64,91.03,0.404
ref_hazir_voc,bird,82.13,90.19,85.48,95.44,0.826
ref_hazir_voc,boat,64.06,78.09,75.55,80.81,0.481
ref_hazir_voc,bottle,64.31,78.28,81.45,75.34,0.971
ref_hazir_voc,bus,92.17,95.93,95.46,96.4,1.719
ref_hazir_voc,car,64.38,78.33,81.6,75.32,1.582
ref_hazir_voc,cat,93.06,96.41,96.64,96.18,2.772
ref_hazir_voc,chair,47.23,64.16,57.2,73.05,0.74
ref_hazir_voc,cow,84.25,91.45,89.77,93.2,1.002
ref_hazir_voc,diningtable,63.84,77.93,71.77,85.24,1.197
ref_hazir_voc,dog,87.0,93.05,94.06,92.06,1.981
ref_hazir_voc,horse,79.62,88.65,87.72,89.6,1.119
ref_hazir_voc,motorbike,88.41,93.85,92.17,95.58,1.221
ref_hazir_voc,person,88.92,94.13,92.66,95.66,4.413
ref_hazir_voc,pottedplant,63.03,77.32,76.07,78.62,0.485
ref_hazir_voc,sheep,87.62,93.4,94.02,92.79,0.756
ref_hazir_voc,sofa,56.53,72.23,66.35,79.25,1.136
ref_hazir_voc,train,80.08,88.94,84.89,93.4,1.865
ref_hazir_voc,tvmonitor,73.34,84.62,94.53,76.6,0.784
bolut_baseline,arkaplan,91.07,95.33,93.93,96.77,73.718
bolut_baseline,aeroplane,79.57,88.62,96.14,82.19,0.829
bolut_baseline,bicycle,39.07,56.19,45.31,73.94,0.404
bolut_baseline,bird,67.04,80.27,88.54,73.41,0.826
bolut_baseline,boat,50.73,67.31,81.79,57.19,0.481
bolut_baseline,bottle,54.87,70.86,79.94,63.64,0.971
bolut_baseline,bus,74.07,85.1,90.43,80.36,1.719
bolut_baseline,car,70.66,82.8,90.21,76.52,1.582
bolut_baseline,cat,76.5,86.68,85.01,88.43,2.772
bolut_baseline,chair,18.16,30.74,28.24,33.73,0.74
bolut_baseline,cow,36.65,53.64,55.46,51.93,1.002
bolut_baseline,diningtable,51.93,68.36,75.89,62.19,1.197
bolut_baseline,dog,62.8,77.15,75.32,79.08,1.981
bolut_baseline,horse,52.34,68.71,82.48,58.88,1.119
bolut_baseline,motorbike,54.79,70.79,84.48,60.92,1.221
bolut_baseline,person,76.86,86.92,88.33,85.56,4.413
bolut_baseline,pottedplant,31.59,48.02,61.12,39.54,0.485
bolut_baseline,sheep,43.96,61.07,65.5,57.2,0.756
bolut_baseline,sofa,31.39,47.78,56.37,41.46,1.136
bolut_baseline,train,63.0,77.3,83.33,72.09,1.865
bolut_baseline,tvmonitor,57.51,73.03,69.22,77.27,0.784
bolut_aug_hafif,arkaplan,91.4,95.51,94.56,96.47,73.718
bolut_aug_hafif,aeroplane,78.65,88.05,95.0,82.05,0.829
bolut_aug_hafif,bicycle,44.26,61.37,55.04,69.33,0.404
bolut_aug_hafif,bird,70.83,82.92,89.96,76.91,0.826
bolut_aug_hafif,boat,54.64,70.67,80.72,62.84,0.481
bolut_aug_hafif,bottle,54.35,70.42,77.2,64.75,0.971
bolut_aug_hafif,bus,83.31,90.89,92.18,89.64,1.719
bolut_aug_hafif,car,76.91,86.95,88.77,85.2,1.582
bolut_aug_hafif,cat,73.15,84.49,79.9,89.65,2.772
bolut_aug_hafif,chair,22.95,37.34,39.09,35.73,0.74
bolut_aug_hafif,cow,43.7,60.82,56.69,65.6,1.002
bolut_aug_hafif,diningtable,45.42,62.46,80.17,51.16,1.197
bolut_aug_hafif,dog,63.01,77.31,81.56,73.48,1.981
bolut_aug_hafif,horse,46.68,63.65,85.69,50.63,1.119
bolut_aug_hafif,motorbike,62.83,77.17,83.85,71.47,1.221
bolut_aug_hafif,person,76.79,86.87,87.49,86.26,4.413
bolut_aug_hafif,pottedplant,33.83,50.56,60.86,43.23,0.485
bolut_aug_hafif,sheep,54.42,70.48,65.12,76.81,0.756
bolut_aug_hafif,sofa,36.06,53.01,54.36,51.72,1.136
bolut_aug_hafif,train,69.61,82.08,88.42,76.59,1.865
bolut_aug_hafif,tvmonitor,52.43,68.79,61.22,78.5,0.784
bolut_aug_orta,arkaplan,90.94,95.25,95.8,94.71,73.718
bolut_aug_orta,aeroplane,82.25,90.26,93.39,87.33,0.829
bolut_aug_orta,bicycle,37.48,54.52,46.21,66.48,0.404
bolut_aug_orta,bird,74.17,85.17,93.88,77.94,0.826
bolut_aug_orta,boat,59.37,74.51,75.64,73.4,0.481
bolut_aug_orta,bottle,61.35,76.04,71.06,81.78,0.971
bolut_aug_orta,bus,82.37,90.33,88.46,92.29,1.719
bolut_aug_orta,car,76.04,86.39,87.81,85.02,1.582
bolut_aug_orta,cat,72.48,84.04,83.14,84.96,2.772
bolut_aug_orta,chair,29.41,45.45,41.37,50.42,0.74
bolut_aug_orta,cow,53.07,69.34,74.03,65.21,1.002
bolut_aug_orta,diningtable,57.31,72.86,77.92,68.42,1.197
bolut_aug_orta,dog,65.58,79.21,74.28,84.84,1.981
bolut_aug_orta,horse,57.21,72.78,77.04,68.97,1.119
bolut_aug_orta,motorbike,73.63,84.81,88.04,81.82,1.221
bolut_aug_orta,person,78.2,87.77,87.66,87.87,4.413
bolut_aug_orta,pottedplant,37.01,54.03,55.66,52.49,0.485
bolut_aug_orta,sheep,58.4,73.73,66.18,83.24,0.756
bolut_aug_orta,sofa,36.61,53.6,46.04,64.13,1.136
bolut_aug_orta,train,71.11,83.12,87.94,78.8,1.865
bolut_aug_orta,tvmonitor,55.35,71.26,63.1,81.84,0.784
bolut_aug_guclu,arkaplan,91.32,95.46,96.14,94.8,73.718
bolut_aug_guclu,aeroplane,84.13,91.38,94.03,88.88,0.829
bolut_aug_guclu,bicycle,42.15,59.31,52.72,67.78,0.404
bolut_aug_guclu,bird,72.56,84.1,83.05,85.17,0.826
bolut_aug_guclu,boat,57.58,73.08,77.21,69.37,0.481
bolut_aug_guclu,bottle,63.39,77.59,77.71,77.47,0.971
bolut_aug_guclu,bus,80.2,89.01,88.11,89.93,1.719
bolut_aug_guclu,car,79.29,88.45,90.73,86.28,1.582
bolut_aug_guclu,cat,75.97,86.35,82.82,90.19,2.772
bolut_aug_guclu,chair,18.98,31.91,27.85,37.37,0.74
bolut_aug_guclu,cow,49.21,65.96,71.22,61.42,1.002
bolut_aug_guclu,diningtable,56.54,72.23,79.27,66.35,1.197
bolut_aug_guclu,dog,65.53,79.17,78.85,79.5,1.981
bolut_aug_guclu,horse,63.58,77.73,77.16,78.31,1.119
bolut_aug_guclu,motorbike,72.68,84.18,85.99,82.44,1.221
bolut_aug_guclu,person,78.08,87.69,87.15,88.24,4.413
bolut_aug_guclu,pottedplant,35.48,52.37,57.71,47.94,0.485
bolut_aug_guclu,sheep,60.58,75.45,68.85,83.46,0.756
bolut_aug_guclu,sofa,35.95,52.89,44.77,64.61,1.136
bolut_aug_guclu,train,70.25,82.52,84.96,80.22,1.865
bolut_aug_guclu,tvmonitor,52.7,69.02,58.33,84.51,0.784
bolut_scratch,arkaplan,76.16,86.47,79.18,95.23,73.718
bolut_scratch,aeroplane,17.29,29.48,45.43,21.82,0.829
bolut_scratch,bicycle,0.0,0.0,0.0,0.0,0.404
bolut_scratch,bird,0.22,0.45,6.85,0.23,0.826
bolut_scratch,boat,0.0,0.0,0.0,0.0,0.481
bolut_scratch,bottle,0.0,0.0,0.0,0.0,0.971
bolut_scratch,bus,6.85,12.82,21.27,9.17,1.719
bolut_scratch,car,2.83,5.51,17.43,3.27,1.582
bolut_scratch,cat,16.71,28.63,27.96,29.33,2.772
bolut_scratch,chair,0.0,0.0,0.0,0.0,0.74
bolut_scratch,cow,0.0,0.0,0.15,0.0,1.002
bolut_scratch,diningtable,0.0,0.0,0.0,0.0,1.197
bolut_scratch,dog,2.95,5.74,17.48,3.43,1.981
bolut_scratch,horse,0.0,0.0,0.0,0.0,1.119
bolut_scratch,motorbike,1.84,3.62,8.49,2.3,1.221
bolut_scratch,person,20.63,34.21,29.47,40.76,4.413
bolut_scratch,pottedplant,0.0,0.0,0.0,0.0,0.485
bolut_scratch,sheep,0.41,0.81,9.42,0.42,0.756
bolut_scratch,sofa,0.0,0.0,0.0,0.0,1.136
bolut_scratch,train,0.88,1.75,30.01,0.9,1.865
bolut_scratch,tvmonitor,0.0,0.0,0.0,0.0,0.784
bolut_aux,arkaplan,92.34,96.02,95.82,96.22,73.718
bolut_aux,aeroplane,84.12,91.37,90.94,91.81,0.829
bolut_aux,bicycle,51.19,67.71,67.23,68.2,0.404
bolut_aux,bird,74.39,85.31,89.6,81.42,0.826
bolut_aux,boat,67.09,80.3,86.91,74.63,0.481
bolut_aux,bottle,60.94,75.73,74.42,77.08,0.971
bolut_aux,bus,87.9,93.56,92.76,94.38,1.719
bolut_aux,car,79.28,88.44,90.87,86.14,1.582
bolut_aux,cat,80.91,89.45,91.92,87.1,2.772
bolut_aux,chair,18.84,31.71,33.54,30.07,0.74
bolut_aux,cow,39.44,56.56,58.09,55.12,1.002
bolut_aux,diningtable,58.49,73.81,72.61,75.05,1.197
bolut_aux,dog,76.24,86.52,90.69,82.71,1.981
bolut_aux,horse,57.65,73.14,65.57,82.68,1.119
bolut_aux,motorbike,77.34,87.22,86.94,87.51,1.221
bolut_aux,person,80.83,89.4,90.88,87.97,4.413
bolut_aux,pottedplant,36.84,53.84,50.82,57.24,0.485
bolut_aux,sheep,57.57,73.07,71.86,74.32,0.756
bolut_aux,sofa,40.37,57.52,54.15,61.34,1.136
bolut_aux,train,75.78,86.22,90.04,82.72,1.865
bolut_aux,tvmonitor,62.75,77.11,77.1,77.13,0.784
bolut_sabit_lr,arkaplan,87.59,93.38,89.93,97.11,73.718
bolut_sabit_lr,aeroplane,68.31,81.17,88.22,75.16,0.829
bolut_sabit_lr,bicycle,28.22,44.02,32.8,66.9,0.404
bolut_sabit_lr,bird,39.29,56.42,50.14,64.48,0.826
bolut_sabit_lr,boat,43.39,60.52,56.59,65.05,0.481
bolut_sabit_lr,bottle,55.44,71.34,78.54,65.34,0.971
bolut_sabit_lr,bus,69.99,82.35,87.85,77.49,1.719
bolut_sabit_lr,car,70.17,82.47,87.35,78.11,1.582
bolut_sabit_lr,cat,44.43,61.52,56.69,67.26,2.772
bolut_sabit_lr,chair,6.61,12.39,37.26,7.43,0.74
bolut_sabit_lr,cow,21.69,35.65,63.33,24.81,1.002
bolut_sabit_lr,diningtable,31.52,47.93,81.9,33.88,1.197
bolut_sabit_lr,dog,18.58,31.34,81.17,19.42,1.981
bolut_sabit_lr,horse,32.6,49.17,63.15,40.26,1.119
bolut_sabit_lr,motorbike,50.64,67.23,81.16,57.38,1.221
bolut_sabit_lr,person,67.76,80.78,89.47,73.64,4.413
bolut_sabit_lr,pottedplant,27.23,42.8,44.58,41.16,0.485
bolut_sabit_lr,sheep,45.81,62.83,60.03,65.91,0.756
bolut_sabit_lr,sofa,30.32,46.53,65.49,36.09,1.136
bolut_sabit_lr,train,48.75,65.55,86.46,52.78,1.865
bolut_sabit_lr,tvmonitor,50.0,66.67,89.68,53.05,0.784
