deney,model,senaryo,sinif,test_destek,precision,recall,f1
ResNet18_1000,ResNet18,dengeli,0,980,96.09,97.86,96.97
ResNet18_1000,ResNet18,dengeli,1,1135,99.03,98.68,98.85
ResNet18_1000,ResNet18,dengeli,2,1032,93.47,95.74,94.59
ResNet18_1000,ResNet18,dengeli,3,1010,98.7,90.1,94.2
ResNet18_1000,ResNet18,dengeli,4,982,89.34,95.62,92.38
ResNet18_1000,ResNet18,dengeli,5,892,93.0,96.86,94.89
ResNet18_1000,ResNet18,dengeli,6,958,96.0,95.2,95.6
ResNet18_1000,ResNet18,dengeli,7,1028,94.02,94.84,94.43
ResNet18_1000,ResNet18,dengeli,8,974,96.04,92.09,94.03
ResNet18_1000,ResNet18,dengeli,9,1009,93.04,91.38,92.2
ResNet18_3000,ResNet18,dengeli,0,980,96.4,98.37,97.37
ResNet18_3000,ResNet18,dengeli,1,1135,98.6,99.03,98.81
ResNet18_3000,ResNet18,dengeli,2,1032,97.16,96.03,96.59
ResNet18_3000,ResNet18,dengeli,3,1010,99.57,91.88,95.57
ResNet18_3000,ResNet18,dengeli,4,982,98.94,94.81,96.83
ResNet18_3000,ResNet18,dengeli,5,892,95.55,91.37,93.41
ResNet18_3000,ResNet18,dengeli,6,958,90.38,99.06,94.52
ResNet18_3000,ResNet18,dengeli,7,1028,98.12,96.5,97.3
ResNet18_3000,ResNet18,dengeli,8,974,91.56,96.92,94.16
ResNet18_3000,ResNet18,dengeli,9,1009,95.6,96.83,96.21
ResNet18_5000,ResNet18,dengeli,0,980,99.48,97.14,98.3
ResNet18_5000,ResNet18,dengeli,1,1135,99.73,98.41,99.07
ResNet18_5000,ResNet18,dengeli,2,1032,95.97,99.22,97.57
ResNet18_5000,ResNet18,dengeli,3,1010,99.39,96.73,98.04
ResNet18_5000,ResNet18,dengeli,4,982,98.38,98.98,98.68
ResNet18_5000,ResNet18,dengeli,5,892,96.83,99.44,98.12
ResNet18_5000,ResNet18,dengeli,6,958,97.63,98.85,98.24
ResNet18_5000,ResNet18,dengeli,7,1028,98.9,95.82,97.33
ResNet18_5000,ResNet18,dengeli,8,974,93.17,99.38,96.17
ResNet18_5000,ResNet18,dengeli,9,1009,98.34,93.95,96.1
ResNet18_10000,ResNet18,dengeli,0,980,97.31,99.59,98.44
ResNet18_10000,ResNet18,dengeli,1,1135,99.56,98.85,99.2
ResNet18_10000,ResNet18,dengeli,2,1032,98.83,98.64,98.74
ResNet18_10000,ResNet18,dengeli,3,1010,99.5,98.32,98.9
ResNet18_10000,ResNet18,dengeli,4,982,99.08,98.68,98.88
ResNet18_10000,ResNet18,dengeli,5,892,99.19,96.64,97.9
ResNet18_10000,ResNet18,dengeli,6,958,98.14,99.06,98.6
ResNet18_10000,ResNet18,dengeli,7,1028,98.44,98.05,98.25
ResNet18_10000,ResNet18,dengeli,8,974,98.04,97.64,97.84
ResNet18_10000,ResNet18,dengeli,9,1009,96.03,98.41,97.21
ResNet18_60000,ResNet18,dengeli,0,980,99.08,99.29,99.18
ResNet18_60000,ResNet18,dengeli,1,1135,99.82,98.94,99.38
ResNet18_60000,ResNet18,dengeli,2,1032,99.41,98.74,99.08
ResNet18_60000,ResNet18,dengeli,3,1010,98.82,99.41,99.11
ResNet18_60000,ResNet18,dengeli,4,982,99.49,98.57,99.03
ResNet18_60000,ResNet18,dengeli,5,892,96.94,99.55,98.23
ResNet18_60000,ResNet18,dengeli,6,958,99.58,97.91,98.74
ResNet18_60000,ResNet18,dengeli,7,1028,98.65,99.51,99.08
ResNet18_60000,ResNet18,dengeli,8,974,98.68,99.69,99.18
ResNet18_60000,ResNet18,dengeli,9,1009,98.4,97.52,97.96
ResNet18_dengesiz_P1_pdf,ResNet18,dengesiz,0,980,93.14,99.8,96.35
ResNet18_dengesiz_P1_pdf,ResNet18,dengesiz,1,1135,96.51,99.91,98.18
ResNet18_dengesiz_P1_pdf,ResNet18,dengesiz,2,1032,96.36,97.38,96.87
ResNet18_dengesiz_P1_pdf,ResNet18,dengesiz,3,1010,98.99,97.03,98.0
ResNet18_dengesiz_P1_pdf,ResNet18,dengesiz,4,982,92.74,98.88,95.71
ResNet18_dengesiz_P1_pdf,ResNet18,dengesiz,5,892,98.61,95.52,97.04
ResNet18_dengesiz_P1_pdf,ResNet18,dengesiz,6,958,99.53,89.35,94.17
ResNet18_dengesiz_P1_pdf,ResNet18,dengesiz,7,1028,96.64,97.86,97.25
ResNet18_dengesiz_P1_pdf,ResNet18,dengesiz,8,974,96.75,91.58,94.09
ResNet18_dengesiz_P1_pdf,ResNet18,dengesiz,9,1009,97.32,97.22,97.27
ResNet18_dengesiz_P2_agir,ResNet18,dengesiz,0,980,86.55,99.8,92.7
ResNet18_dengesiz_P2_agir,ResNet18,dengesiz,1,1135,95.06,100.0,97.47
ResNet18_dengesiz_P2_agir,ResNet18,dengesiz,2,1032,98.95,91.18,94.91
ResNet18_dengesiz_P2_agir,ResNet18,dengesiz,3,1010,95.22,98.71,96.94
ResNet18_dengesiz_P2_agir,ResNet18,dengesiz,4,982,97.46,93.79,95.59
ResNet18_dengesiz_P2_agir,ResNet18,dengesiz,5,892,98.36,94.39,96.34
ResNet18_dengesiz_P2_agir,ResNet18,dengesiz,6,958,98.91,94.89,96.86
ResNet18_dengesiz_P2_agir,ResNet18,dengesiz,7,1028,94.14,96.89,95.49
ResNet18_dengesiz_P2_agir,ResNet18,dengesiz,8,974,99.34,77.1,86.82
ResNet18_dengesiz_P2_agir,ResNet18,dengesiz,9,1009,84.53,95.84,89.83
ResNet18_dengesiz_P3_5k,ResNet18,dengesiz,0,980,89.54,99.59,94.3
ResNet18_dengesiz_P3_5k,ResNet18,dengesiz,1,1135,94.27,100.0,97.05
ResNet18_dengesiz_P3_5k,ResNet18,dengesiz,2,1032,96.61,96.71,96.66
ResNet18_dengesiz_P3_5k,ResNet18,dengesiz,3,1010,99.57,90.99,95.09
ResNet18_dengesiz_P3_5k,ResNet18,dengesiz,4,982,99.23,92.46,95.73
ResNet18_dengesiz_P3_5k,ResNet18,dengesiz,5,892,98.74,88.0,93.06
ResNet18_dengesiz_P3_5k,ResNet18,dengesiz,6,958,98.91,94.47,96.64
ResNet18_dengesiz_P3_5k,ResNet18,dengesiz,7,1028,96.78,96.5,96.64
ResNet18_dengesiz_P3_5k,ResNet18,dengesiz,8,974,96.82,90.55,93.58
ResNet18_dengesiz_P3_5k,ResNet18,dengesiz,9,1009,82.84,97.62,89.63
MobileNetV2_1000,MobileNetV2,dengeli,0,980,96.72,18.06,30.44
MobileNetV2_1000,MobileNetV2,dengeli,1,1135,94.58,84.58,89.3
MobileNetV2_1000,MobileNetV2,dengeli,2,1032,52.25,60.76,56.18
MobileNetV2_1000,MobileNetV2,dengeli,3,1010,62.7,39.6,48.54
MobileNetV2_1000,MobileNetV2,dengeli,4,982,35.12,85.34,49.76
MobileNetV2_1000,MobileNetV2,dengeli,5,892,25.66,65.25,36.84
MobileNetV2_1000,MobileNetV2,dengeli,6,958,76.82,35.28,48.35
MobileNetV2_1000,MobileNetV2,dengeli,7,1028,74.71,62.35,67.97
MobileNetV2_1000,MobileNetV2,dengeli,8,974,62.88,29.57,40.22
MobileNetV2_1000,MobileNetV2,dengeli,9,1009,70.22,38.55,49.78
MobileNetV2_3000,MobileNetV2,dengeli,0,980,91.1,95.1,93.06
MobileNetV2_3000,MobileNetV2,dengeli,1,1135,96.66,97.0,96.83
MobileNetV2_3000,MobileNetV2,dengeli,2,1032,88.81,83.04,85.83
MobileNetV2_3000,MobileNetV2,dengeli,3,1010,92.21,79.7,85.5
MobileNetV2_3000,MobileNetV2,dengeli,4,982,90.49,92.97,91.71
MobileNetV2_3000,MobileNetV2,dengeli,5,892,84.61,89.35,86.91
MobileNetV2_3000,MobileNetV2,dengeli,6,958,92.74,91.96,92.35
MobileNetV2_3000,MobileNetV2,dengeli,7,1028,93.46,84.82,88.93
MobileNetV2_3000,MobileNetV2,dengeli,8,974,77.78,87.68,82.43
MobileNetV2_3000,MobileNetV2,dengeli,9,1009,82.21,87.02,84.55
MobileNetV2_5000,MobileNetV2,dengeli,0,980,92.83,97.76,95.23
MobileNetV2_5000,MobileNetV2,dengeli,1,1135,97.7,97.18,97.44
MobileNetV2_5000,MobileNetV2,dengeli,2,1032,90.71,94.57,92.6
MobileNetV2_5000,MobileNetV2,dengeli,3,1010,94.74,90.99,92.83
MobileNetV2_5000,MobileNetV2,dengeli,4,982,94.27,93.89,94.08
MobileNetV2_5000,MobileNetV2,dengeli,5,892,92.25,93.39,92.81
MobileNetV2_5000,MobileNetV2,dengeli,6,958,95.27,92.59,93.91
MobileNetV2_5000,MobileNetV2,dengeli,7,1028,94.08,91.15,92.59
MobileNetV2_5000,MobileNetV2,dengeli,8,974,90.53,89.32,89.92
MobileNetV2_5000,MobileNetV2,dengeli,9,1009,91.02,92.37,91.69
MobileNetV2_10000,MobileNetV2,dengeli,0,980,98.23,96.53,97.38
MobileNetV2_10000,MobileNetV2,dengeli,1,1135,96.89,98.94,97.91
MobileNetV2_10000,MobileNetV2,dengeli,2,1032,95.79,96.9,96.34
MobileNetV2_10000,MobileNetV2,dengeli,3,1010,97.18,95.64,96.41
MobileNetV2_10000,MobileNetV2,dengeli,4,982,98.25,97.25,97.75
MobileNetV2_10000,MobileNetV2,dengeli,5,892,91.5,97.76,94.53
MobileNetV2_10000,MobileNetV2,dengeli,6,958,95.99,97.49,96.74
MobileNetV2_10000,MobileNetV2,dengeli,7,1028,97.67,93.77,95.68
MobileNetV2_10000,MobileNetV2,dengeli,8,974,96.62,93.84,95.21
MobileNetV2_10000,MobileNetV2,dengeli,9,1009,95.74,95.74,95.74
MobileNetV2_60000,MobileNetV2,dengeli,0,980,98.99,99.59,99.29
MobileNetV2_60000,MobileNetV2,dengeli,1,1135,99.38,99.38,99.38
MobileNetV2_60000,MobileNetV2,dengeli,2,1032,98.0,99.52,98.75
MobileNetV2_60000,MobileNetV2,dengeli,3,1010,99.7,98.42,99.05
MobileNetV2_60000,MobileNetV2,dengeli,4,982,99.79,97.66,98.71
MobileNetV2_60000,MobileNetV2,dengeli,5,892,99.55,98.21,98.87
MobileNetV2_60000,MobileNetV2,dengeli,6,958,98.65,98.96,98.8
MobileNetV2_60000,MobileNetV2,dengeli,7,1028,99.02,98.35,98.68
MobileNetV2_60000,MobileNetV2,dengeli,8,974,98.46,98.77,98.62
MobileNetV2_60000,MobileNetV2,dengeli,9,1009,97.2,99.6,98.38
MobileNetV2_dengesiz_P1_pdf,MobileNetV2,dengesiz,0,980,87.15,99.69,93.0
MobileNetV2_dengesiz_P1_pdf,MobileNetV2,dengesiz,1,1135,91.54,99.21,95.22
MobileNetV2_dengesiz_P1_pdf,MobileNetV2,dengesiz,2,1032,97.52,87.5,92.24
MobileNetV2_dengesiz_P1_pdf,MobileNetV2,dengesiz,3,1010,91.15,87.72,89.4
MobileNetV2_dengesiz_P1_pdf,MobileNetV2,dengesiz,4,982,94.78,96.23,95.5
MobileNetV2_dengesiz_P1_pdf,MobileNetV2,dengesiz,5,892,73.93,93.16,82.44
MobileNetV2_dengesiz_P1_pdf,MobileNetV2,dengesiz,6,958,97.85,85.39,91.19
MobileNetV2_dengesiz_P1_pdf,MobileNetV2,dengesiz,7,1028,90.8,92.22,91.51
MobileNetV2_dengesiz_P1_pdf,MobileNetV2,dengesiz,8,974,92.61,70.74,80.21
MobileNetV2_dengesiz_P1_pdf,MobileNetV2,dengesiz,9,1009,90.95,90.68,90.82
MobileNetV2_dengesiz_P2_agir,MobileNetV2,dengesiz,0,980,84.22,99.69,91.31
MobileNetV2_dengesiz_P2_agir,MobileNetV2,dengesiz,1,1135,95.67,99.38,97.49
MobileNetV2_dengesiz_P2_agir,MobileNetV2,dengesiz,2,1032,95.58,88.08,91.68
MobileNetV2_dengesiz_P2_agir,MobileNetV2,dengesiz,3,1010,87.59,92.28,89.87
MobileNetV2_dengesiz_P2_agir,MobileNetV2,dengesiz,4,982,92.72,92.06,92.39
MobileNetV2_dengesiz_P2_agir,MobileNetV2,dengesiz,5,892,88.9,79.04,83.68
MobileNetV2_dengesiz_P2_agir,MobileNetV2,dengesiz,6,958,97.56,83.61,90.05
MobileNetV2_dengesiz_P2_agir,MobileNetV2,dengesiz,7,1028,96.63,78.11,86.39
MobileNetV2_dengesiz_P2_agir,MobileNetV2,dengesiz,8,974,89.34,77.41,82.95
MobileNetV2_dengesiz_P2_agir,MobileNetV2,dengesiz,9,1009,69.1,94.65,79.88
MobileNetV2_dengesiz_P3_5k,MobileNetV2,dengesiz,0,980,83.55,98.47,90.4
MobileNetV2_dengesiz_P3_5k,MobileNetV2,dengesiz,1,1135,83.51,99.47,90.79
MobileNetV2_dengesiz_P3_5k,MobileNetV2,dengesiz,2,1032,93.97,78.59,85.59
MobileNetV2_dengesiz_P3_5k,MobileNetV2,dengesiz,3,1010,86.6,81.88,84.17
MobileNetV2_dengesiz_P3_5k,MobileNetV2,dengesiz,4,982,90.48,93.89,92.15
MobileNetV2_dengesiz_P3_5k,MobileNetV2,dengesiz,5,892,85.23,75.67,80.17
MobileNetV2_dengesiz_P3_5k,MobileNetV2,dengesiz,6,958,94.89,85.28,89.83
MobileNetV2_dengesiz_P3_5k,MobileNetV2,dengesiz,7,1028,86.13,88.81,87.45
MobileNetV2_dengesiz_P3_5k,MobileNetV2,dengesiz,8,974,82.16,71.87,76.67
MobileNetV2_dengesiz_P3_5k,MobileNetV2,dengesiz,9,1009,81.12,87.71,84.29
