deney,profil,sinif,sinif_tipi,egitim_ornegi,test_destek,precision,recall,f1
MLP_d0_dengesiz_P1_pdf,P1_pdf,0,cogunluk,3000,980,85.33,99.69,91.95
MLP_d0_dengesiz_P1_pdf,P1_pdf,1,cogunluk,3000,1135,90.62,99.56,94.88
MLP_d0_dengesiz_P1_pdf,P1_pdf,2,orta,500,1032,92.51,92.15,92.33
MLP_d0_dengesiz_P1_pdf,P1_pdf,3,orta,500,1010,83.25,95.94,89.14
MLP_d0_dengesiz_P1_pdf,P1_pdf,4,orta,500,982,89.86,95.62,92.65
MLP_d0_dengesiz_P1_pdf,P1_pdf,5,azinlik,150,892,90.26,77.91,83.63
MLP_d0_dengesiz_P1_pdf,P1_pdf,6,azinlik,150,958,98.58,87.16,92.52
MLP_d0_dengesiz_P1_pdf,P1_pdf,7,orta,500,1028,94.51,92.12,93.3
MLP_d0_dengesiz_P1_pdf,P1_pdf,8,azinlik,150,974,95.13,78.23,85.86
MLP_d0_dengesiz_P1_pdf,P1_pdf,9,orta,500,1009,95.06,89.59,92.24
MLP_d0_dengesiz_P2_agir,P2_agir,0,cogunluk,3000,980,88.93,99.18,93.78
MLP_d0_dengesiz_P2_agir,P2_agir,1,cogunluk,3000,1135,92.98,99.21,95.99
MLP_d0_dengesiz_P2_agir,P2_agir,2,orta,300,1032,94.25,88.95,91.53
MLP_d0_dengesiz_P2_agir,P2_agir,3,orta,300,1010,86.58,94.55,90.39
MLP_d0_dengesiz_P2_agir,P2_agir,4,orta,300,982,85.98,92.46,89.11
MLP_d0_dengesiz_P2_agir,P2_agir,5,azinlik,100,892,90.98,78.03,84.01
MLP_d0_dengesiz_P2_agir,P2_agir,6,azinlik,100,958,97.26,85.07,90.76
MLP_d0_dengesiz_P2_agir,P2_agir,7,orta,300,1028,92.62,92.8,92.71
MLP_d0_dengesiz_P2_agir,P2_agir,8,azinlik,100,974,90.03,79.77,84.59
MLP_d0_dengesiz_P2_agir,P2_agir,9,orta,300,1009,86.5,91.48,88.92
MLP_d0_dengesiz_P3_5k,P3_5k,0,cogunluk,1500,980,93.63,98.98,96.23
MLP_d0_dengesiz_P3_5k,P3_5k,1,cogunluk,1500,1135,92.99,99.3,96.04
MLP_d0_dengesiz_P3_5k,P3_5k,2,orta,300,1032,91.22,90.6,90.91
MLP_d0_dengesiz_P3_5k,P3_5k,3,orta,300,1010,89.23,90.2,89.71
MLP_d0_dengesiz_P3_5k,P3_5k,4,orta,300,982,91.1,90.73,90.92
MLP_d0_dengesiz_P3_5k,P3_5k,5,azinlik,120,892,86.15,82.96,84.52
MLP_d0_dengesiz_P3_5k,P3_5k,6,azinlik,120,958,96.75,90.19,93.35
MLP_d0_dengesiz_P3_5k,P3_5k,7,orta,300,1028,95.46,87.94,91.54
MLP_d0_dengesiz_P3_5k,P3_5k,8,azinlik,120,974,87.32,86.24,86.78
MLP_d0_dengesiz_P3_5k,P3_5k,9,orta,300,1009,85.85,90.78,88.25
MLP_d03_dengesiz_P1_pdf,P1_pdf,0,cogunluk,3000,980,85.76,99.59,92.16
MLP_d03_dengesiz_P1_pdf,P1_pdf,1,cogunluk,3000,1135,91.49,99.47,95.31
MLP_d03_dengesiz_P1_pdf,P1_pdf,2,orta,500,1032,95.04,90.99,92.97
MLP_d03_dengesiz_P1_pdf,P1_pdf,3,orta,500,1010,84.33,95.94,89.76
MLP_d03_dengesiz_P1_pdf,P1_pdf,4,orta,500,982,88.95,96.74,92.68
MLP_d03_dengesiz_P1_pdf,P1_pdf,5,azinlik,150,892,91.63,77.35,83.89
MLP_d03_dengesiz_P1_pdf,P1_pdf,6,azinlik,150,958,95.66,92.07,93.83
MLP_d03_dengesiz_P1_pdf,P1_pdf,7,orta,500,1028,92.24,94.84,93.53
MLP_d03_dengesiz_P1_pdf,P1_pdf,8,azinlik,150,974,94.58,73.51,82.73
MLP_d03_dengesiz_P1_pdf,P1_pdf,9,orta,500,1009,94.86,87.81,91.2
MLP_d03_dengesiz_P2_agir,P2_agir,0,cogunluk,3000,980,77.54,99.69,87.23
MLP_d03_dengesiz_P2_agir,P2_agir,1,cogunluk,3000,1135,93.91,99.12,96.44
MLP_d03_dengesiz_P2_agir,P2_agir,2,orta,300,1032,92.96,90.89,91.92
MLP_d03_dengesiz_P2_agir,P2_agir,3,orta,300,1010,90.29,92.08,91.18
MLP_d03_dengesiz_P2_agir,P2_agir,4,orta,300,982,90.58,92.97,91.76
MLP_d03_dengesiz_P2_agir,P2_agir,5,azinlik,100,892,93.41,76.23,83.95
MLP_d03_dengesiz_P2_agir,P2_agir,6,azinlik,100,958,97.01,84.66,90.41
MLP_d03_dengesiz_P2_agir,P2_agir,7,orta,300,1028,90.2,93.97,92.04
MLP_d03_dengesiz_P2_agir,P2_agir,8,azinlik,100,974,89.2,82.24,85.58
MLP_d03_dengesiz_P2_agir,P2_agir,9,orta,300,1009,92.83,88.5,90.61
MLP_d03_dengesiz_P3_5k,P3_5k,0,cogunluk,1500,980,88.71,99.39,93.74
MLP_d03_dengesiz_P3_5k,P3_5k,1,cogunluk,1500,1135,91.26,99.38,95.15
MLP_d03_dengesiz_P3_5k,P3_5k,2,orta,300,1032,89.73,92.25,90.97
MLP_d03_dengesiz_P3_5k,P3_5k,3,orta,300,1010,92.21,87.92,90.02
MLP_d03_dengesiz_P3_5k,P3_5k,4,orta,300,982,88.78,94.3,91.46
MLP_d03_dengesiz_P3_5k,P3_5k,5,azinlik,120,892,91.59,78.14,84.33
MLP_d03_dengesiz_P3_5k,P3_5k,6,azinlik,120,958,94.39,93.01,93.69
MLP_d03_dengesiz_P3_5k,P3_5k,7,orta,300,1028,93.43,89.98,91.67
MLP_d03_dengesiz_P3_5k,P3_5k,8,azinlik,120,974,89.41,82.34,85.73
MLP_d03_dengesiz_P3_5k,P3_5k,9,orta,300,1009,88.88,88.7,88.79
CNN_d0_dengesiz_P1_pdf,P1_pdf,0,cogunluk,3000,980,89.8,99.69,94.49
CNN_d0_dengesiz_P1_pdf,P1_pdf,1,cogunluk,3000,1135,96.17,99.65,97.88
CNN_d0_dengesiz_P1_pdf,P1_pdf,2,orta,500,1032,95.42,94.86,95.14
CNN_d0_dengesiz_P1_pdf,P1_pdf,3,orta,500,1010,93.38,96.44,94.89
CNN_d0_dengesiz_P1_pdf,P1_pdf,4,orta,500,982,96.29,97.76,97.02
CNN_d0_dengesiz_P1_pdf,P1_pdf,5,azinlik,150,892,95.2,93.39,94.28
CNN_d0_dengesiz_P1_pdf,P1_pdf,6,azinlik,150,958,97.68,92.48,95.01
CNN_d0_dengesiz_P1_pdf,P1_pdf,7,orta,500,1028,95.66,96.4,96.03
CNN_d0_dengesiz_P1_pdf,P1_pdf,8,azinlik,150,974,96.73,88.19,92.27
CNN_d0_dengesiz_P1_pdf,P1_pdf,9,orta,500,1009,97.93,93.56,95.69
CNN_d0_dengesiz_P2_agir,P2_agir,0,cogunluk,3000,980,85.93,99.69,92.3
CNN_d0_dengesiz_P2_agir,P2_agir,1,cogunluk,3000,1135,95.68,99.56,97.58
CNN_d0_dengesiz_P2_agir,P2_agir,2,orta,300,1032,91.51,95.06,93.25
CNN_d0_dengesiz_P2_agir,P2_agir,3,orta,300,1010,85.48,97.92,91.28
CNN_d0_dengesiz_P2_agir,P2_agir,4,orta,300,982,95.88,94.91,95.39
CNN_d0_dengesiz_P2_agir,P2_agir,5,azinlik,100,892,97.37,87.11,91.95
CNN_d0_dengesiz_P2_agir,P2_agir,6,azinlik,100,958,95.48,92.59,94.01
CNN_d0_dengesiz_P2_agir,P2_agir,7,orta,300,1028,96.45,92.51,94.44
CNN_d0_dengesiz_P2_agir,P2_agir,8,azinlik,100,974,97.95,73.51,83.99
CNN_d0_dengesiz_P2_agir,P2_agir,9,orta,300,1009,90.65,93.16,91.89
CNN_d0_dengesiz_P3_5k,P3_5k,0,cogunluk,1500,980,93.83,99.29,96.48
CNN_d0_dengesiz_P3_5k,P3_5k,1,cogunluk,1500,1135,93.54,99.47,96.41
CNN_d0_dengesiz_P3_5k,P3_5k,2,orta,300,1032,88.54,93.6,91.0
CNN_d0_dengesiz_P3_5k,P3_5k,3,orta,300,1010,95.42,90.79,93.05
CNN_d0_dengesiz_P3_5k,P3_5k,4,orta,300,982,90.81,97.56,94.06
CNN_d0_dengesiz_P3_5k,P3_5k,5,azinlik,120,892,91.11,94.17,92.61
CNN_d0_dengesiz_P3_5k,P3_5k,6,azinlik,120,958,98.6,88.0,93.0
CNN_d0_dengesiz_P3_5k,P3_5k,7,orta,300,1028,92.79,93.87,93.33
CNN_d0_dengesiz_P3_5k,P3_5k,8,azinlik,120,974,93.98,83.37,88.36
CNN_d0_dengesiz_P3_5k,P3_5k,9,orta,300,1009,93.39,89.59,91.45
CNN_d03_dengesiz_P1_pdf,P1_pdf,0,cogunluk,3000,980,89.89,99.8,94.58
CNN_d03_dengesiz_P1_pdf,P1_pdf,1,cogunluk,3000,1135,96.66,99.47,98.05
CNN_d03_dengesiz_P1_pdf,P1_pdf,2,orta,500,1032,93.49,96.03,94.74
CNN_d03_dengesiz_P1_pdf,P1_pdf,3,orta,500,1010,93.64,96.24,94.92
CNN_d03_dengesiz_P1_pdf,P1_pdf,4,orta,500,982,97.03,96.64,96.84
CNN_d03_dengesiz_P1_pdf,P1_pdf,5,azinlik,150,892,97.25,91.14,94.1
CNN_d03_dengesiz_P1_pdf,P1_pdf,6,azinlik,150,958,97.08,93.74,95.38
CNN_d03_dengesiz_P1_pdf,P1_pdf,7,orta,500,1028,95.01,96.3,95.65
CNN_d03_dengesiz_P1_pdf,P1_pdf,8,azinlik,150,974,96.37,84.6,90.1
CNN_d03_dengesiz_P1_pdf,P1_pdf,9,orta,500,1009,94.65,94.75,94.7
CNN_d03_dengesiz_P2_agir,P2_agir,0,cogunluk,3000,980,86.28,99.49,92.42
CNN_d03_dengesiz_P2_agir,P2_agir,1,cogunluk,3000,1135,93.71,99.74,96.63
CNN_d03_dengesiz_P2_agir,P2_agir,2,orta,300,1032,92.5,95.54,93.99
CNN_d03_dengesiz_P2_agir,P2_agir,3,orta,300,1010,88.93,96.24,92.44
CNN_d03_dengesiz_P2_agir,P2_agir,4,orta,300,982,96.22,95.93,96.07
CNN_d03_dengesiz_P2_agir,P2_agir,5,azinlik,100,892,95.7,89.8,92.65
CNN_d03_dengesiz_P2_agir,P2_agir,6,azinlik,100,958,97.2,90.71,93.84
CNN_d03_dengesiz_P2_agir,P2_agir,7,orta,300,1028,94.85,94.94,94.9
CNN_d03_dengesiz_P2_agir,P2_agir,8,azinlik,100,974,96.58,81.21,88.23
CNN_d03_dengesiz_P2_agir,P2_agir,9,orta,300,1009,96.83,90.68,93.65
CNN_d03_dengesiz_P3_5k,P3_5k,0,cogunluk,1500,980,92.5,99.39,95.82
CNN_d03_dengesiz_P3_5k,P3_5k,1,cogunluk,1500,1135,94.47,99.38,96.87
CNN_d03_dengesiz_P3_5k,P3_5k,2,orta,300,1032,94.3,92.93,93.61
CNN_d03_dengesiz_P3_5k,P3_5k,3,orta,300,1010,95.13,90.99,93.02
CNN_d03_dengesiz_P3_5k,P3_5k,4,orta,300,982,93.56,96.13,94.83
CNN_d03_dengesiz_P3_5k,P3_5k,5,azinlik,120,892,90.52,94.17,92.31
CNN_d03_dengesiz_P3_5k,P3_5k,6,azinlik,120,958,96.9,91.44,94.09
CNN_d03_dengesiz_P3_5k,P3_5k,7,orta,300,1028,95.1,92.51,93.79
CNN_d03_dengesiz_P3_5k,P3_5k,8,azinlik,120,974,91.79,88.4,90.06
CNN_d03_dengesiz_P3_5k,P3_5k,9,orta,300,1009,93.04,91.38,92.2
