deney,veri_sayisi,sinif,destek,precision,recall,f1
MLP_d0_1000,1000,0,980,90.37,97.65,93.87
MLP_d0_1000,1000,1,1135,94.83,98.68,96.72
MLP_d0_1000,1000,2,1032,87.86,86.92,87.38
MLP_d0_1000,1000,3,1010,83.1,89.6,86.23
MLP_d0_1000,1000,4,982,89.24,88.7,88.97
MLP_d0_1000,1000,5,892,88.2,77.91,82.74
MLP_d0_1000,1000,6,958,92.86,90.92,91.88
MLP_d0_1000,1000,7,1028,91.95,89.98,90.95
MLP_d0_1000,1000,8,974,89.14,80.9,84.82
MLP_d0_1000,1000,9,1009,84.59,88.7,86.6
MLP_d0_3000,3000,0,980,95.61,95.61,95.61
MLP_d0_3000,3000,1,1135,96.79,98.41,97.6
MLP_d0_3000,3000,2,1032,90.85,91.38,91.11
MLP_d0_3000,3000,3,1010,90.45,90.99,90.72
MLP_d0_3000,3000,4,982,84.81,94.4,89.35
MLP_d0_3000,3000,5,892,88.67,89.46,89.06
MLP_d0_3000,3000,6,958,92.76,94.89,93.81
MLP_d0_3000,3000,7,1028,96.28,88.23,92.08
MLP_d0_3000,3000,8,974,90.37,88.6,89.48
MLP_d0_3000,3000,9,1009,89.38,83.45,86.31
MLP_d0_5000,5000,0,980,93.94,98.06,95.96
MLP_d0_5000,5000,1,1135,97.35,97.0,97.18
MLP_d0_5000,5000,2,1032,93.44,91.09,92.25
MLP_d0_5000,5000,3,1010,92.24,91.78,92.01
MLP_d0_5000,5000,4,982,94.78,90.53,92.6
MLP_d0_5000,5000,5,892,92.41,90.13,91.26
MLP_d0_5000,5000,6,958,93.1,95.72,94.39
MLP_d0_5000,5000,7,1028,94.0,93.0,93.5
MLP_d0_5000,5000,8,974,88.35,91.07,89.69
MLP_d0_5000,5000,9,1009,91.09,92.17,91.63
MLP_d0_10000,10000,0,980,97.36,97.86,97.61
MLP_d0_10000,10000,1,1135,98.07,98.24,98.15
MLP_d0_10000,10000,2,1032,97.38,93.6,95.45
MLP_d0_10000,10000,3,1010,88.42,97.52,92.75
MLP_d0_10000,10000,4,982,95.56,94.3,94.93
MLP_d0_10000,10000,5,892,96.49,89.46,92.84
MLP_d0_10000,10000,6,958,95.67,96.76,96.21
MLP_d0_10000,10000,7,1028,96.61,94.26,95.42
MLP_d0_10000,10000,8,974,93.59,92.92,93.25
MLP_d0_10000,10000,9,1009,91.61,94.15,92.86
MLP_d0_60000,60000,0,980,97.59,99.08,98.33
MLP_d0_60000,60000,1,1135,99.2,98.85,99.03
MLP_d0_60000,60000,2,1032,96.58,98.55,97.55
MLP_d0_60000,60000,3,1010,97.31,96.63,96.97
MLP_d0_60000,60000,4,982,98.77,97.76,98.26
MLP_d0_60000,60000,5,892,97.21,97.76,97.48
MLP_d0_60000,60000,6,958,98.85,98.54,98.69
MLP_d0_60000,60000,7,1028,98.03,96.69,97.36
MLP_d0_60000,60000,8,974,98.14,97.33,97.73
MLP_d0_60000,60000,9,1009,96.65,97.13,96.89
MLP_d03_1000,1000,0,980,91.78,96.84,94.24
MLP_d03_1000,1000,1,1135,95.78,97.97,96.86
MLP_d03_1000,1000,2,1032,87.66,88.08,87.87
MLP_d03_1000,1000,3,1010,90.66,79.8,84.89
MLP_d03_1000,1000,4,982,88.41,90.12,89.26
MLP_d03_1000,1000,5,892,84.47,77.47,80.82
MLP_d03_1000,1000,6,958,90.5,93.42,91.94
MLP_d03_1000,1000,7,1028,92.2,87.35,89.71
MLP_d03_1000,1000,8,974,82.63,84.5,83.55
MLP_d03_1000,1000,9,1009,82.38,89.89,85.97
MLP_d03_3000,3000,0,980,94.51,96.53,95.51
MLP_d03_3000,3000,1,1135,95.0,98.77,96.85
MLP_d03_3000,3000,2,1032,94.53,88.76,91.55
MLP_d03_3000,3000,3,1010,90.92,91.19,91.05
MLP_d03_3000,3000,4,982,92.34,92.06,92.2
MLP_d03_3000,3000,5,892,86.73,91.59,89.09
MLP_d03_3000,3000,6,958,90.18,95.82,92.91
MLP_d03_3000,3000,7,1028,94.64,89.3,91.89
MLP_d03_3000,3000,8,974,93.59,83.88,88.47
MLP_d03_3000,3000,9,1009,86.26,90.19,88.18
MLP_d03_5000,5000,0,980,95.68,97.14,96.41
MLP_d03_5000,5000,1,1135,97.54,97.8,97.67
MLP_d03_5000,5000,2,1032,93.27,92.73,93.0
MLP_d03_5000,5000,3,1010,91.47,93.47,92.46
MLP_d03_5000,5000,4,982,93.13,93.89,93.51
MLP_d03_5000,5000,5,892,91.64,90.92,91.28
MLP_d03_5000,5000,6,958,93.85,95.62,94.73
MLP_d03_5000,5000,7,1028,93.65,93.19,93.42
MLP_d03_5000,5000,8,974,91.12,90.66,90.89
MLP_d03_5000,5000,9,1009,93.89,89.89,91.85
MLP_d03_10000,10000,0,980,96.88,98.37,97.62
MLP_d03_10000,10000,1,1135,98.33,98.5,98.42
MLP_d03_10000,10000,2,1032,94.75,96.22,95.48
MLP_d03_10000,10000,3,1010,92.77,95.25,93.99
MLP_d03_10000,10000,4,982,95.94,93.89,94.9
MLP_d03_10000,10000,5,892,96.82,92.04,94.37
MLP_d03_10000,10000,6,958,95.01,97.39,96.19
MLP_d03_10000,10000,7,1028,94.33,95.53,94.93
MLP_d03_10000,10000,8,974,95.44,92.3,93.84
MLP_d03_10000,10000,9,1009,93.76,93.76,93.76
MLP_d03_60000,60000,0,980,97.69,99.18,98.43
MLP_d03_60000,60000,1,1135,98.68,99.12,98.9
MLP_d03_60000,60000,2,1032,97.97,98.26,98.11
MLP_d03_60000,60000,3,1010,98.79,97.03,97.9
MLP_d03_60000,60000,4,982,96.98,98.27,97.62
MLP_d03_60000,60000,5,892,98.42,97.87,98.15
MLP_d03_60000,60000,6,958,98.53,97.81,98.17
MLP_d03_60000,60000,7,1028,97.11,98.05,97.58
MLP_d03_60000,60000,8,974,98.33,96.71,97.52
MLP_d03_60000,60000,9,1009,97.03,97.03,97.03
CNN_d0_1000,1000,0,980,83.39,98.88,90.48
CNN_d0_1000,1000,1,1135,97.8,94.19,95.96
CNN_d0_1000,1000,2,1032,88.44,86.72,87.57
CNN_d0_1000,1000,3,1010,93.19,81.29,86.83
CNN_d0_1000,1000,4,982,93.44,76.88,84.36
CNN_d0_1000,1000,5,892,86.51,85.54,86.02
CNN_d0_1000,1000,6,958,91.64,91.54,91.59
CNN_d0_1000,1000,7,1028,84.99,90.86,87.82
CNN_d0_1000,1000,8,974,87.23,79.98,83.45
CNN_d0_1000,1000,9,1009,74.28,89.3,81.1
CNN_d0_3000,3000,0,980,93.88,98.57,96.17
CNN_d0_3000,3000,1,1135,97.33,99.38,98.34
CNN_d0_3000,3000,2,1032,94.6,93.31,93.95
CNN_d0_3000,3000,3,1010,96.22,93.17,94.67
CNN_d0_3000,3000,4,982,96.28,95.01,95.64
CNN_d0_3000,3000,5,892,92.03,97.09,94.49
CNN_d0_3000,3000,6,958,95.82,95.72,95.77
CNN_d0_3000,3000,7,1028,94.52,93.97,94.24
CNN_d0_3000,3000,8,974,94.92,90.25,92.53
CNN_d0_3000,3000,9,1009,92.71,91.97,92.34
CNN_d0_5000,5000,0,980,96.41,98.57,97.48
CNN_d0_5000,5000,1,1135,98.52,99.38,98.95
CNN_d0_5000,5000,2,1032,96.48,92.83,94.62
CNN_d0_5000,5000,3,1010,95.83,95.64,95.74
CNN_d0_5000,5000,4,982,95.79,97.25,96.51
CNN_d0_5000,5000,5,892,97.96,96.86,97.41
CNN_d0_5000,5000,6,958,96.8,97.91,97.35
CNN_d0_5000,5000,7,1028,94.68,95.14,94.91
CNN_d0_5000,5000,8,974,94.85,92.71,93.77
CNN_d0_5000,5000,9,1009,94.41,95.34,94.87
CNN_d0_10000,10000,0,980,97.0,99.08,98.03
CNN_d0_10000,10000,1,1135,98.43,99.3,98.86
CNN_d0_10000,10000,2,1032,98.42,96.32,97.36
CNN_d0_10000,10000,3,1010,97.92,98.02,97.97
CNN_d0_10000,10000,4,982,98.45,97.15,97.8
CNN_d0_10000,10000,5,892,99.08,96.97,98.02
CNN_d0_10000,10000,6,958,98.84,97.49,98.16
CNN_d0_10000,10000,7,1028,99.1,96.69,97.88
CNN_d0_10000,10000,8,974,95.0,97.64,96.3
CNN_d0_10000,10000,9,1009,94.34,97.42,95.86
CNN_d0_60000,60000,0,980,99.29,99.39,99.34
CNN_d0_60000,60000,1,1135,99.82,99.03,99.43
CNN_d0_60000,60000,2,1032,98.75,99.13,98.94
CNN_d0_60000,60000,3,1010,98.81,98.91,98.86
CNN_d0_60000,60000,4,982,99.59,99.08,99.34
CNN_d0_60000,60000,5,892,99.77,97.98,98.87
CNN_d0_60000,60000,6,958,98.86,99.27,99.06
CNN_d0_60000,60000,7,1028,99.41,98.64,99.02
CNN_d0_60000,60000,8,974,97.38,99.18,98.27
CNN_d0_60000,60000,9,1009,98.14,99.11,98.62
CNN_d03_1000,1000,0,980,89.86,97.65,93.59
CNN_d03_1000,1000,1,1135,95.33,97.18,96.25
CNN_d03_1000,1000,2,1032,86.91,88.18,87.54
CNN_d03_1000,1000,3,1010,88.73,84.16,86.38
CNN_d03_1000,1000,4,982,93.62,83.71,88.39
CNN_d03_1000,1000,5,892,86.46,85.2,85.83
CNN_d03_1000,1000,6,958,89.35,94.57,91.89
CNN_d03_1000,1000,7,1028,84.48,90.56,87.42
CNN_d03_1000,1000,8,974,92.91,78.03,84.82
CNN_d03_1000,1000,9,1009,80.5,86.32,83.31
CNN_d03_3000,3000,0,980,95.27,98.57,96.89
CNN_d03_3000,3000,1,1135,97.4,99.21,98.3
CNN_d03_3000,3000,2,1032,95.36,93.51,94.42
CNN_d03_3000,3000,3,1010,96.4,92.67,94.5
CNN_d03_3000,3000,4,982,96.13,96.13,96.13
CNN_d03_3000,3000,5,892,93.2,96.75,94.94
CNN_d03_3000,3000,6,958,97.04,95.82,96.43
CNN_d03_3000,3000,7,1028,95.66,94.26,94.95
CNN_d03_3000,3000,8,974,92.7,93.84,93.27
CNN_d03_3000,3000,9,1009,93.86,92.47,93.16
CNN_d03_5000,5000,0,980,95.11,99.18,97.1
CNN_d03_5000,5000,1,1135,98.17,99.12,98.64
CNN_d03_5000,5000,2,1032,95.94,93.99,94.96
CNN_d03_5000,5000,3,1010,97.84,94.16,95.96
CNN_d03_5000,5000,4,982,93.97,98.37,96.12
CNN_d03_5000,5000,5,892,98.05,95.85,96.94
CNN_d03_5000,5000,6,958,97.89,97.08,97.48
CNN_d03_5000,5000,7,1028,95.04,95.14,95.09
CNN_d03_5000,5000,8,974,93.41,94.56,93.98
CNN_d03_5000,5000,9,1009,95.33,92.96,94.13
CNN_d03_10000,10000,0,980,97.68,98.98,98.33
CNN_d03_10000,10000,1,1135,99.03,99.03,99.03
CNN_d03_10000,10000,2,1032,97.85,96.9,97.37
CNN_d03_10000,10000,3,1010,96.11,97.72,96.91
CNN_d03_10000,10000,4,982,98.46,97.86,98.16
CNN_d03_10000,10000,5,892,98.21,98.65,98.43
CNN_d03_10000,10000,6,958,98.64,98.23,98.43
CNN_d03_10000,10000,7,1028,98.61,96.79,97.69
CNN_d03_10000,10000,8,974,95.46,97.23,96.34
CNN_d03_10000,10000,9,1009,97.29,96.04,96.66
CNN_d03_60000,60000,0,980,99.29,99.59,99.44
CNN_d03_60000,60000,1,1135,99.3,99.82,99.56
CNN_d03_60000,60000,2,1032,99.13,99.03,99.08
CNN_d03_60000,60000,3,1010,99.11,99.21,99.16
CNN_d03_60000,60000,4,982,99.49,98.98,99.23
CNN_d03_60000,60000,5,892,99.1,98.77,98.93
CNN_d03_60000,60000,6,958,99.27,99.48,99.37
CNN_d03_60000,60000,7,1028,99.12,98.64,98.88
CNN_d03_60000,60000,8,974,98.97,98.67,98.82
CNN_d03_60000,60000,9,1009,98.42,98.91,98.67
